No,query,sql_zh,sql_en,rewrite
1,该产品的价格是多少？,"为了回答这个问题，我需要一个特定的产品编码或产品名来唯一标识您想查询的产品。假设我们已经有了一个特定的产品编码`XYZ123`，则可以使用以下SQL查询来获取这个产品的价格：

```sql
SELECT 价格
FROM 产品信息表
WHERE 产品编码 = 'XYZ123';
```

如果我们是根据产品名来查询，而产品名为`示例产品`，则查询将是：

```sql
SELECT 价格
FROM 产品信息表
WHERE 产品名 = '示例产品';
```

请用具体的产品编码或产品名替换上述查询中的占位符，以获取相应的产品价格。","为了查询产品的价格，我需要知道具体是哪个产品。请提供产品的标识（如产品名或产品编码）以便我生成正确的SQL查询语句。如果没有具体的产品信息，我可以提供一个通用的查询语句，如下所示：

```sql
SELECT 价格 FROM 产品信息表 WHERE 产品名 = '具体产品名';
```

或者，如果您是根据产品编码查询：

```sql
SELECT 价格 FROM 产品信息表 WHERE 产品编码 = '具体产品编码';
```

请替换'具体产品名'或'具体产品编码'为实际查询的产品的名称或编码。",
2,哪些产品属于笔记本类别？,"为了查询属于笔记本类别的产品，我们需要知道“笔记本”这一类别在“产品分类”、“一级子类”或“二级子类”中的确切表达。假设笔记本类别在“产品分类”列中表示为""Laptop""，我们可以使用如下SQL查询：

```sql
SELECT 产品名
FROM 产品信息表
WHERE 产品分类 = 'Laptop';
```

如果“笔记本”这一类别是以不同的方式表示的，或者它是在子类中而不是主分类中，你需要相应地调整 WHERE 子句的条件，以匹配你的数据库中的确切表达。","要查询属于笔记本类别的产品，假设“产品分类”列包含了产品的主要分类信息，其中“笔记本”可能是一个分类值，我们可以执行以下的SQL查询：

```sql
SELECT 产品名
FROM 产品信息表
WHERE 产品分类 = '笔记本';
```

这将返回所有属于笔记本类别的产品名。请注意，这里假设“笔记本”是用来标识笔记本电脑类别的确切值。如果使用的是其他值，比如“笔记本电脑”或“便携式电脑”，则需要相应地调整 WHERE 子句中的条件。",
3,有没有 16GB 内存的产品？,"可以使用下面的 SQL 查询来找出具有 16GB 内存容量（内存容量(T) = 16）的产品：

```sql
SELECT *
FROM 产品信息表
WHERE 内存容量(T) = 16;
```

这个查询会返回所有包含 16GB 内存容量的产品记录。如果 ""内存容量(T)"" 指的是以 TB 为单位的话，你可能需要将条件改为对应的 GB 单位。例如，如果 1T = 1024GB，那么：

```sql
SELECT *
FROM 产品信息表
WHERE 内存容量(T) * 1024 = 16;
```

请根据实际情况调整查询。","要查询具有16GB内存（假设内存以GB为单位，而非TB）的产品，可以执行以下SQL查询：

```sql
SELECT *
FROM 产品信息表
WHERE ram = 16;
```

这个查询将返回所有具有16GB内存容量的产品的所有信息。如果你只想看到某些特定的列，比如产品名和价格，你可以将`*`换成这些列的名称：

```sql
SELECT 产品名, 价格
FROM 产品信息表
WHERE ram = 16;
```",
4,哪些产品有 512GB 的固态硬盘？,"要查询有512GB固态硬盘的产品，我们可以使用以下SQL查询语句：

```sql
SELECT 产品名
FROM 产品信息表
WHERE 硬盘容量 = '512GB' AND 硬盘类型 = 'SSD';
```

这条查询将返回所有硬盘容量为512GB且硬盘类型为固态硬盘（SSD）的产品名。","要查询产品信息表中拥有 512GB 固态硬盘的产品，你可以使用以下SQL查询语句：

```sql
SELECT *
FROM 产品信息表
WHERE 硬盘容量 = '512GB' AND 硬盘类型 = 'SSD';
```

这条SQL查询将返回所有硬盘容量为512GB并且硬盘类型为固态硬盘（SSD）的产品的所有信息。",
5,这款产品的颜色有哪些可选？,"为了查询产品的不同颜色选项，我们需要从产品信息表中获取颜色列的不同值。以下是用于查询产品颜色选项的SQL语句：

```sql
SELECT DISTINCT 颜色
FROM 产品信息表;
```

这条SQL查询将返回产品信息表中所有不同的颜色。使用`DISTINCT`关键字确保每种颜色只在结果集中出现一次。","要查询某款产品的可选颜色，您需要提供具体的产品名或产品编码。如果是查询整个产品名录中所有产品的颜色，可以执行以下SQL查询语句：

```sql
SELECT DISTINCT 颜色
FROM 产品信息表;
```

这将返回产品信息表中所有不重复的颜色选项。如果是针对特定产品，比如产品名为""XYZ""，则可以使用以下查询：

```sql
SELECT DISTINCT 颜色
FROM 产品信息表
WHERE 产品名 = 'XYZ';
```

请替换'XYZ'为实际产品名来获取该产品的可选颜色。",
6,有没有 15 英寸屏幕的产品？,"```sql
SELECT * FROM 产品信息表
WHERE 屏幕尺寸 = 15;
```","为了找出屏幕尺寸为 15 英寸的产品，您可以使用以下SQL查询：

```sql
SELECT *
FROM 产品信息表
WHERE 屏幕尺寸 = '15';
```

这个查询将返回产品信息表中所有屏幕尺寸等于15英寸的产品记录。如果屏幕尺寸是以不同的格式储存，例如“15寸”或“15英寸”，您可能需要调整条件来确保匹配数据库中的正确格式。",
7,该产品的发布日期是什么时候？,"根据所给的数据库schema信息，您要查询的""产品的发布日期""对应的列是""上市时间""。您可以使用以下SQL查询来获取该信息：

```sql
SELECT 上市时间 FROM 产品信息表 WHERE 产品名 = '特定产品名称';
```

请将 '特定产品名称' 替换为您想查询的具体产品名。如果您想查询整个产品信息表中所有产品的发布日期，则可以省略WHERE子句：

```sql
SELECT 产品名, 上市时间 FROM 产品信息表;
```

这将返回表中所有产品的名称和它们的发布日期。","要查询产品的发布日期，我们需要查看“上市时间”列。如果您需要查询特定产品的发布日期，您需要提供产品的详细信息，例如产品名或产品编码。然而，由于您没有提供具体的产品信息，我将提供一个SQL查询示例，它将返回所有产品的发布日期：

```sql
SELECT 产品名, 上市时间 FROM 产品信息表;
```

如果您想要查询特定产品的发布日期，您可以在查询中添加一个`WHERE`子句来指定产品名或产品编码。例如，如果我们想查询产品名为“XYZ”的发布日期：

```sql
SELECT 上市时间 FROM 产品信息表 WHERE 产品名 = 'XYZ';
```

如果您提供了产品编码或其他具体的标识信息，可以按照类似的方式构造查询。",
8,不同品牌的产品数量分布如何？,"为了查询不同品牌的产品数量分布，我们可以使用SQL的`GROUP BY`子句和`COUNT()`聚合函数。以下是相应的SQL查询：

```sql
SELECT 品牌, COUNT(*) AS 产品数量
FROM 产品信息表
GROUP BY 品牌
ORDER BY 产品数量 DESC;
```

这个查询将会为每个品牌统计产品信息表中的产品数量，并按照产品数量降序排列。这样可以直观地看到哪个品牌的产品数量最多。","为了查看不同品牌的产品数量分布，你需要进行一个分组（GROUP BY）查询，按照品牌（`品牌`）来分组，并且计算每个品牌下的产品数量。这可以通过使用`COUNT()`函数来实现。以下是相应的SQL查询：

```sql
SELECT 品牌, COUNT(*) AS 产品数量
FROM 产品信息表
GROUP BY 品牌
ORDER BY 产品数量 DESC;
```

这个查询将列出所有品牌及其对应的产品数量，然后按照产品数量降序排列，这样你可以很容易地看到哪个品牌拥有最多的产品。",
9,产品的价格分布是怎样的？,"为了查看产品的价格分布，我们可以使用SQL查询来获取价格的范围。我们可以统计不同价格区间的产品数量来呈现一个价格分布情况。但是请注意，分布的具体细节（比如分组的区间大小）可能需要根据实际的价格范围和业务需要来调整。以下是一个示例的SQL查询，用于获取产品价格分布：

```sql
SELECT
  CASE
    WHEN 价格 BETWEEN 0 AND 999 THEN '0-999'
    WHEN 价格 BETWEEN 1000 AND 1999 THEN '1000-1999'
    WHEN 价格 BETWEEN 2000 AND 2999 THEN '2000-2999'
    WHEN 价格 BETWEEN 3000 AND 3999 THEN '3000-3999'
    WHEN 价格 BETWEEN 4000 AND 4999 THEN '4000-4999'
    WHEN 价格 >= 5000 THEN '5000以上'
    ELSE '未知'
  END AS 价格区间,
  COUNT(*) AS 产品数量
FROM 产品信息表
GROUP BY 价格区间
ORDER BY 价格区间;
```

这个查询定义了几个价格区间，并统计了落在每个区间的产品数量。按价格分布来分组后，我们用`COUNT(*)`统计每个分组内的产品数量。`ORDER BY`用来根据价格区间排序结果。

如果您有具体的分布要求或者价格范围，请调整上述查询中的`CASE`语句中的分组标准。","要查看产品价格的分布，你通常会想要看价格的范围、平均值、中位数、最小值和最大值。你还可以通过分组（比如按照价格区间分组）来更细致地查看分布。下面是一些SQL查询示例，这些查询可以用于获取产品价格分布的不同方面的信息：

1. 获取最低价、最高价和平均价格：
```sql
SELECT MIN(价格) AS 最低价, MAX(价格) AS 最高价, AVG(价格) AS 平均价格
FROM 产品信息表;
```

2. 获取中位数价格（这种查询依赖于数据库系统，以下是一种可能的实现方式，假设数据库支持窗口函数）：
```sql
SELECT DISTINCT PERCENTILE_CONT(0.5) WITHIN GROUP (ORDER BY 价格) OVER () AS 中位数价格
FROM 产品信息表;
```

3. 获取各个价格区间的产品数量，这里以1000元为一个区间作为示例：
```sql
SELECT
  FLOOR(价格 / 1000) * 1000 AS 价格区间下限,
  FLOOR(价格 / 1000) * 1000 + 999 AS 价格区间上限,
  COUNT(*) AS 产品数量
FROM 产品信息表
GROUP BY FLOOR(价格 / 1000)
ORDER BY 价格区间下限;
```

这些查询可以提供关于产品价格分布的详细概述。如果你想了解更特定的信息，比如根据特定品牌或类别的价格分布，你可以通过在WHERE子句中添加相应条件来进一步定制这些查询。",
10,不同类别产品的平均价格是多少？,"为了得到不同类别产品的平均价格，我们需要对产品分类进行分组，并计算每个分类的平均价格。以下是SQL查询：

```sql
SELECT 产品分类, AVG(价格) AS 平均价格
FROM 产品信息表
GROUP BY 产品分类;
```

这条SQL语句的功能是：
- 选择产品分类作为分组键(`GROUP BY 产品分类`)。
- 计算每个分类下产品的平均价格(`AVG(价格)`)。
- 为平均价格结果列起一个别名`平均价格`以便更易理解(`AS 平均价格`)。","要查询不同类别产品的平均价格，您可以使用 SQL 的 `GROUP BY` 和 `AVG` 函数来完成这个任务。假设产品分类列的名称是 `产品分类`，价格列的名称是 `价格`，您可以使用以下 SQL 语句：

```sql
SELECT 产品分类, AVG(价格) AS 平均价格
FROM 产品信息表
GROUP BY 产品分类;
```

这个查询会按 `产品分类` 分组并计算每个分类下的平均价格，并将结果列命名为 `平均价格`。",
11,不同颜色产品的销量如何？,"为了回答这个问题，我们需要假设数据库中有一个销售数据表，它记录了每个产品的销量。假设这个销量数据表的名称为 `销售记录表`，并且它包含以下两个字段：

- `产品编码` - 产品信息表中每个产品的唯一标识
- `销量` - 表示该产品的销售数量

现在，我们可以通过在产品信息表中的 `颜色` 字段和销售记录表中的 `销量` 字段上进行关联来获取不同颜色产品的销量情况。以下是一个可能的 SQL 查询，它使用了 `INNER JOIN` 来连接这两个表，并对每种颜色的销量进行了求和：

```sql
SELECT 
    产品信息表.颜色, 
    SUM(销售记录表.销量) AS 总销量
FROM 
    产品信息表
INNER JOIN 
    销售记录表 ON 产品信息表.产品编码 = 销售记录表.产品编码
GROUP BY 
    产品信息表.颜色;
```

这个查询将返回每个颜色及其对应的总销量。需要注意的是，查询中的表名和字段名需要用实际的数据库中使用的名称来替换。如果 `销售记录表` 的结构不同，或者你需要基于不同的销售数据，查询也需要相应地调整。","要查询不同颜色产品的销量，你需要有一个包含销量信息的表。由于你提供的数据库表“产品信息表”不包含销量数据，我将假设存在一个名为“销售记录表”的表，其中包含销售产品的颜色以及每次销售的数量字段。下面是一个基于这个假设的 SQL 查询示例：

```sql
SELECT
    颜色,
    SUM(销售数量) AS 销量
FROM
    销售记录表
GROUP BY
    颜色;
```

这个查询会按照产品颜色分组，并计算每种颜色的总销售数量。请注意，如果你的数据库中销售记录的表名和字段名与我假设的不同，请替换为实际的表名和字段名。如果你确实有销售数据和对应的颜色信息，请提供这些信息，我可以给你一个更准确的查询。",
12,产品的上架时间分布情况如何？,"为了分析产品的上架时间分布情况，我们可以查询数据库中产品信息表的上市时间列，以查看每个时间点或时间段的产品数量。我们可以对上市时间进行分组，并计算每个分组内的产品数目。由于没有具体的时间段要求，这里假设我们对每年的上市情况进行统计。

以下是一个SQL查询示例，它统计了每个年份的产品上市数量：

```sql
SELECT
  YEAR(上市时间) AS '年份',
  COUNT(*) AS '产品数量'
FROM
  产品信息表
GROUP BY
  YEAR(上市时间)
ORDER BY
  '年份';
```

这个查询假设上市时间的数据类型是可以直接用YEAR函数处理的日期时间类型。如果上市时间不是日期时间类型，而是其他格式的字符串等，那么需要使用相应的字符串处理函数来提取年份信息。","要查看产品的上架时间分布情况，我们可以通过SQL查询对`产品信息表`中的`上市时间`列进行分组统计。假设我们想要得到每个上市年份的产品数量，可以使用以下SQL语句：

```sql
SELECT YEAR(上市时间) AS 上市年份, COUNT(*) AS 产品数量
FROM 产品信息表
GROUP BY YEAR(上市时间)
ORDER BY 上市年份;
```

这个查询会按照上市年份对产品进行分组，并计算每个年份的产品数量。`ORDER BY 上市年份`确保结果是按照年份排序的。

如果我们需要更精细的时间分布，比如按月分布，可以调整SQL语句如下：

```sql
SELECT
    YEAR(上市时间) AS 上市年份,
    MONTH(上市时间) AS 上市月份,
    COUNT(*) AS 产品数量
FROM 产品信息表
GROUP BY YEAR(上市时间), MONTH(上市时间)
ORDER BY 上市年份, 上市月份;
```

这将提供按照年份和月份分布的产品数量。",
13,总共有多少款产品？,"为了查询产品信息表中的产品总数，您可以使用以下SQL查询：

```sql
SELECT COUNT(*) FROM 产品信息表;
```

这将返回产品信息表中所有不同产品的数量。","要查询产品信息表中总共有多少款产品，你可以使用以下SQL查询：

```sql
SELECT COUNT(*) AS Total_Products FROM 产品信息表;
```

这条查询会统计产品信息表中所有行的数量，即总共有多少款产品。",
14,最贵的产品是哪一款？,"要查询最贵的产品，我们可以使用`ORDER BY`和`LIMIT`子句结合起来查询产品信息表，并排序价格列（价格）从高到低，然后选择顶部的记录。这是相应的SQL查询：

```sql
SELECT 产品名, 最高价格
FROM 产品信息表
ORDER BY 价格 DESC
LIMIT 1;
```

这个查询将返回价格最高的产品的名称（产品名）和价格（价格）。我们选择`LIMIT 1`来获取价格最高的单个产品。如果`价格`列名是中文，你可能需要在实际的数据库环境中使用相应的列名，如果该列名与SQL关键字冲突或包含特殊字符，可能还需要用引号包围列名。","为了找到价格最高的产品，我们需要执行一个SQL查询，它会选取价格（价格）列的最大值，并返回相应的产品名（产品名）。查询如下：

```sql
SELECT 产品名 FROM 产品信息表 ORDER BY 价格 DESC LIMIT 1;
```

这个查询将产品信息表（产品信息表）按价格（价格）列降序排序，并限制结果集只返回一行，即最贵的产品名称。",
15,平均价格是多少？,"为了计算产品信息表中的平均价格，你可以使用以下的SQL查询：

```sql
SELECT AVG(价格) AS 平均价格 FROM 产品信息表;
```

这个查询将计算出表`产品信息表`中所有产品价格的平均值，并将其列名显示为`平均价格`。","为了计算产品的平均价格，你可以使用以下的SQL查询：

```sql
SELECT AVG(价格) AS 平均价格 FROM 产品信息表;
```

这条查询会计算出`产品信息表`中所有产品的平均价格，并将结果列命名为`平均价格`。",
16,总共有多少个不同的品牌？,"```sql
SELECT COUNT(DISTINCT 品牌) FROM 产品信息表;
```","要查询不同品牌的总数，可以使用SQL的 `COUNT` 函数结合 `DISTINCT` 关键字来统计 `品牌` 列中不同值的数量。查询如下：

```sql
SELECT COUNT(DISTINCT 品牌) AS 不同品牌总数 FROM 产品信息表;
```

这个查询将返回 `产品信息表` 中 `品牌` 列的不同值的总数。",
17,每个品牌的产品数量分别是多少？,"要查询每个品牌的产品数量，你需要按品牌进行分组并计算每个品牌的产品数目。以下是这个查询的 SQL 语句：

```sql
SELECT 品牌, COUNT(*) AS 产品数量
FROM 产品信息表
GROUP BY 品牌;
```

这个查询的结果会列出所有品牌及其相应的产品数量。在 `COUNT(*)` 函数中使用星号 (*) 是为了计算每个品牌下的所有产品行数。使用 `GROUP BY` 语句按品牌分组，以便为每个品牌单独计算产品数目。","要统计每个品牌的产品数量，可以使用 SQL 的 `COUNT()` 函数和 `GROUP BY` 子句。以下是相应的 SQL 查询：

```sql
SELECT 品牌, COUNT(*) AS 产品数量
FROM 产品信息表
GROUP BY 品牌;
```

这条查询会在 `产品信息表` 中按照 `品牌` 进行分组，并计算每个 `品牌` 的产品条目数量，最后将品牌和对应的产品数量返回。",
18,每个类别的产品数量分别是多少？,"要统计每个产品分类下的产品数量，可以使用SQL中的`COUNT`函数和`GROUP BY`子句。以下是SQL查询语句：

```sql
SELECT 产品分类, COUNT(*) AS 产品数量
FROM 产品信息表
GROUP BY 产品分类;
```

这个查询会返回每个不同的`产品分类`及其对应的产品数量。`COUNT(*)`函数统计每个类别中的产品总数，而`GROUP BY`子句按`产品分类`进行分组。`AS 产品数量`是一个别名，用来给计数列命名，以便于理解查询结果。","要获取每个类别的产品数量，可以通过执行以下SQL查询：

```sql
SELECT 产品分类, COUNT(*) AS 数量
FROM 产品信息表
GROUP BY 产品分类;
```

这个查询将按照`产品分类`分组，计算每个类别的产品总数，并将每个类别的数量显示在`数量`列。",
19,每个颜色的产品数量分别是多少,"要查询每种颜色的产品数量，你可以使用SQL中的`COUNT()`函数和`GROUP BY`子句来对颜色进行分组，并计算每组的数量。下面是一个SQL查询示例：

```sql
SELECT 颜色, COUNT(*) AS 产品数量
FROM 产品信息表
GROUP BY 颜色;
```

这个查询会列出所有不同的颜色，以及对应的产品数量。","为了获取每种颜色的产品数量，您可以使用`GROUP BY`语句按颜色分组，并使用`COUNT`函数统计每组的数量。下面是一个SQL查询示例：

```sql
SELECT 颜色, COUNT(*) AS 产品数量
FROM 产品信息表
GROUP BY 颜色;
```

这个查询将按`颜色`列中的值对产品进行分组，并计算每组中产品的总数，返回的结果将包含两列：一列是颜色，另一列是该颜色对应的产品数量。",
20,这个电脑多少钱？,,"抱歉，您提供的信息不足以确定具体是哪台电脑的价格。如果您能提供更多关于产品的细节，例如品牌、型号或其他特定属性，我将能够帮助您构建一个SQL查询以获取该电脑的价格。例如，如果您想知道品牌为""Dell""且产品名为""Inspiron 15""的电脑价格，可以使用如下查询：

```sql
SELECT 价格 FROM 产品信息表 WHERE 品牌 = 'Dell' AND 产品名 = 'Inspiron 15';
```

请提供更多的信息以便我能更准确地帮助您。",
21,有没笔记本？,"要查询数据库中是否有笔记本，首先需要知道“笔记本”在产品分类中的具体表示方法。假设“笔记本”属于产品分类中的一个类别，那么可以执行如下的SQL查询：

```sql
SELECT *
FROM 产品信息表
WHERE 产品分类 = '笔记本';
```

如果“笔记本”是以不同的方式表示，比如作为一级子类或二级子类，你需要修改查询中的条件以反映这一点。例如，如果“笔记本”是一级子类：

```sql
SELECT *
FROM 产品信息表
WHERE 一级子类 = '笔记本';
```

或者，如果它是二级子类：

```sql
SELECT *
FROM 产品信息表
WHERE 二级子类 = '笔记本';
```

以上查询会返回所有标记为“笔记本”的产品记录。如果数据库中没有“笔记本”这一分类，则查询结果将为空。","要查询数据库中是否有笔记本电脑相关的产品信息，我们可以假设笔记本电脑将被归类在产品分类或一级子类或二级子类中。由于您没有给出具体的分类名称，我将使用一个模糊查询来搜索包含 ""笔记本"" 这个关键字的产品分类。下面是SQL查询语句：

```sql
SELECT *
FROM 产品信息表
WHERE 产品分类 LIKE '%笔记本%'
   OR 一级子类 LIKE '%笔记本%'
   OR 二级子类 LIKE '%笔记本%';
```

这个查询将返回所有包含 ""笔记本"" 关键字在产品分类、一级子类或二级子类中的产品信息。如果 ""笔记本"" 不是用来分类笔记本电脑的关键字，您需要提供准确的分类名称，以便进行精确查询。",
22,最贵的是啥？,"为了找出最贵的产品，我们需要查询`产品信息表`并按照`价格`列降序排列，然后选择最上面的记录。以下是相应的SQL查询语句：

```sql
SELECT *
FROM 产品信息表
ORDER BY 价格 DESC
LIMIT 1;
```

这条语句将返回整行记录，包含最贵产品的所有信息。如果你只需要知道产品名和价格，你可以这样写：

```sql
SELECT 产品名, 价格
FROM 产品信息表
ORDER BY 价格 DESC
LIMIT 1;
```

这将返回最高价格的产品名和它的价格。","要查询最贵的产品，我们可以通过在`产品信息表`中对价格列进行降序排序，并选择排序后的第一行记录。以下是相应的SQL查询：

```sql
SELECT *
FROM 产品信息表
ORDER BY 价格 DESC
LIMIT 1;
```

这个查询会返回价格列中值最大的那一行，即最贵的产品信息。",
23,有 16GB 内存的吗？,"要查询数据库中是否存在具有16GB内存的产品，你可以使用以下SQL查询：

```sql
SELECT COUNT(*) AS NumberOfProducts
FROM 产品信息表
WHERE ram = 16;
```

这个查询会返回具有16GB内存的产品的数量。如果 `NumberOfProducts` 大于0，则表示存在具有16GB内存的产品。","为了检索具有16GB内存的产品，我们需要构建一个SQL查询，该查询针对""内存容量(T)""字段，检查等于16的记录。这里假设""内存容量(T)""是以TB为单位，如果是GB，则需要根据实际情况调整查询条件。这里是基于TB的查询：

```sql
SELECT *
FROM 产品信息表
WHERE 内存容量(T) = 16;
```

如果""内存容量(T)""字段是以GB为单位的，您需要将查询条件调整为以下：

```sql
SELECT *
FROM 产品信息表
WHERE 内存容量(T) = 0.016;  -- 16GB 转换为TB
```

请确保您的查询使用正确的单位和字段名称。",
24,有 512G 硬盘的吗？,"要查询具有512GB硬盘容量的产品，可以使用以下SQL查询：

```sql
SELECT * 
FROM 产品信息表 
WHERE 硬盘容量 = '512G';
```

这条查询将返回所有硬盘容量为512GB的产品的所有信息。如果列 `硬盘容量` 是以GB为单位，但没有单位后缀，并且数值类型是整型或浮点型，你需要删除上述查询中的 '512G' 的引号。","为了查询含有 512G 硬盘容量的产品信息，可以使用如下的 SQL 查询语句：

```sql
SELECT *
FROM 产品信息表
WHERE 硬盘容量 = '512G';
```

这个查询会检索所有硬盘容量为 512G 的产品的所有信息。如果你需要查询特定的列（例如产品名和价格），可以将 `*` 替换为具体的列名。",
25,这个啥时候发布的？,"抱歉，根据您提供的内容，我无法确定您所指的“发布”是指某个具体的产品发布时间还是指数据库或表的创建时间。如果您需要查询某个具体产品的发布时间，请提供该产品的具体信息或名称。如果您想查询数据库表的创建时间，通常这类信息并不直接存储在表中，而是由数据库的系统表或元数据来管理。

如果您想查询“产品信息表”中所有产品的上市时间，请参考以下SQL查询：

```sql
SELECT `产品名`, `上市时间`
FROM `产品信息表`
ORDER BY `上市时间` DESC;
```

此查询将返回“产品信息表”中所有产品的名称和它们的上市时间，并按照上市时间降序排序。如果您有更具体的需求，请提供更详细的信息。","由于您没有提供具体的产品名或者其他细节来指定查询的对象，我将给出一个示例SQL查询，以查找表中所有产品的上市时间：

```sql
SELECT 产品名, 上市时间 FROM 产品信息表;
```

如果您需要查找特定产品的上市时间，请提供该产品的名称或其他标识信息，以便我为您生成更具体的查询语句。",
26,有啥颜色？,"要查询产品信息表中涵盖的所有不同的颜色，可以使用以下SQL查询：

```sql
SELECT DISTINCT 颜色 FROM 产品信息表;
```

这个查询会返回产品信息表中所有独一无二的颜色值。","```sql
SELECT DISTINCT 颜色 FROM 产品信息表;
```",
27,有 15 寸屏幕的吗？,"要查询具有15英寸屏幕的产品，可以使用以下SQL查询：

```sql
SELECT *
FROM 产品信息表
WHERE 屏幕尺寸 = '15';
```

这将返回产品信息表中所有屏幕尺寸列（屏幕尺寸）值为15的产品记录。请注意，屏幕尺寸的单位应该在表中保持一致（例如，总是以英寸为单位），否则查询可能需要适当的单位转换或匹配。","```sql
SELECT *
FROM 产品信息表
WHERE 屏幕尺寸 = 15;
```",
28,这个牌子多少钱？,"您提到的“这个牌子”是指具体的品牌名称，但您没有提供具体的品牌名称。我需要知道具体的品牌名称才能生成相应的SQL查询。例如，如果您想知道品牌为“XYZ”的产品价格，查询将如下：

```sql
SELECT 品牌, 价格
FROM 产品信息表
WHERE 品牌 = 'XYZ';
```

请替换 'XYZ' 为您想查询的具体品牌名称。如果您能提供品牌的具体名称，我将能够生成更准确的SQL查询。",,
29,色彩分布怎样？,"要查看色彩分布，我们可以编写一个SQL查询来计算`产品信息表`中每种颜色的产品数量。以下是相应的查询：

```sql
SELECT 颜色, COUNT(*) as 产品数量
FROM 产品信息表
GROUP BY 颜色
ORDER BY 产品数量 DESC;
```

这个查询将会列出所有的颜色以及每种颜色对应的产品数量，并按照产品数量降序排列。这样，我们可以很容易地看出哪种颜色的产品更多。","要了解产品信息表中产品颜色的分布情况，我们可以编写一个SQL查询来计算每种颜色的产品数量。以下是对应的查询：

```sql
SELECT 颜色, COUNT(*) AS 数量
FROM 产品信息表
GROUP BY 颜色
ORDER BY 数量 DESC;
```

这个查询会返回每种颜色的产品数，按数量从多到少排序。如果您希望更详细的分布，例如包括品牌或其他属性的分布，可以修改查询语句来添加相应的列。",
30,最近发售的,"如果您想查询最近发售的产品，您可以根据上市时间（上市时间）来查询数据库。由于您没有指定具体的时间范围或排序方式，我将假设您想要查询所有产品，并且按照上市时间从最新到最旧的顺序排序。以下是SQL查询语句：

```sql
SELECT *
FROM 产品信息表
ORDER BY 上市时间 DESC;
```

这个查询将会选择表 `产品信息表` 中的所有列，然后按照 `上市时间` 列的值进行降序排序，即最新发售的产品会排在查询结果的最前面。如果您想要限定查询结果的数量，比如只查看最新发售的前10个产品，那么可以使用 `LIMIT` 语句：

```sql
SELECT *
FROM 产品信息表
ORDER BY 上市时间 DESC
LIMIT 10;
```

如果您有特定的时间段想要查询，比如说要查看最近一个月内发售的产品，则需要在查询中添加一个时间过滤条件，假设当前日期是2023年3月30日，下面的查询将返回2023年2月28日以后发售的产品：

```sql
SELECT *
FROM 产品信息表
WHERE 上市时间 >= '2023-02-28'
ORDER BY 上市时间 DESC;
```

请根据实际情况替换查询中的日期。","为了查询最近发售的产品，我们可以使用“上市时间”这一列来排序产品，假设“上市时间”的数据类型为日期类型，我们可以编写如下的SQL查询语句：

```sql
SELECT * 
FROM 产品信息表
ORDER BY 上市时间 DESC;
```

如果我们想要限定查询的结果数量，比如只查询最近发售的10个产品，我们可以使用LIMIT子句：

```sql
SELECT * 
FROM 产品信息表
ORDER BY 上市时间 DESC
LIMIT 10;
```

请注意，具体的查询语句可能需要根据数据库的实际情况（比如日期格式和存储细节）进行适当的调整。如果需要进一步限定“最近”，比如说是最近一个月或者一周内发售的产品，那么可能还需要添加适当的WHERE子句来过滤日期。",
31,联想小新,"您的提问是关于“联想小新”，但是没有具体指明要进行什么样的操作或查询。根据您提供的信息，如果您想查询产品信息表中品牌为“联想”并且系列为“小新”的产品，请使用以下SQL查询：

```sql
SELECT *
FROM 产品信息表
WHERE 品牌 = '联想'
AND 系列 LIKE '%小新%';
```

这条查询将返回产品信息表中所有品牌为“联想”且系列名称中包含“小新”的记录。请注意根据实际表名和字段名称进行适当的修改。如果您有更具体的查询需求，请提供详细信息。","如果您是想查询数据库中所有与""联想小新""相关的产品信息，您可以使用以下SQL查询：

```sql
SELECT *
FROM 产品信息表
WHERE 品牌 = '联想' AND 系列 LIKE '%小新%';
```

这条查询语句将会从""产品信息表""中选取所有品牌为""联想""且系列名称中含有""小新""的记录。如果""产品名""字段中包含具体的产品名称并且这个名称是指""联想小新""系列的话，您可能需要按照下面的查询来做：

```sql
SELECT *
FROM 产品信息表
WHERE 产品名 LIKE '%联想小新%';
```

请根据您数据库中实际字段的内容和命名做出相应的调整。",
32,想买台日常办公用，价格5000左右的电脑,"如果您想要找出价格在大约5000元左右、适合日常办公使用的电脑，那么您可能需要查找`产品信息表`中既符合价格范围又满足办公需求的产品。这通常涉及到查找特定的`产品分类`或`场景`，以及`价格`列的数据。

假设日常办公用的电脑属于`产品分类`为""电脑""、`场景`为""办公""的记录，同时满足价格在一个大致范围内（例如4500到5500元），那么SQL查询如下：

```sql
SELECT *
FROM 产品信息表
WHERE 产品分类 = '电脑'
  AND 场景 LIKE '%办公%'
  AND 价格 BETWEEN 4500 AND 5500;
```

这个查询将返回所有满足这些条件的电脑产品信息。注意，实际的列名、产品分类和场景的值可能会因数据库的设计而有所不同。您可能需要根据实际的数据库情况进行适当调整。","要生成这样一个查询，你需要基于价格以及适用的使用场景来筛选出符合要求的电脑。以下是一个可能的 SQL 查询，用于查找价格约为 5000 元，且场景包括 ""日常办公"" 的电脑：

```sql
SELECT *
FROM 产品信息表
WHERE 场景 LIKE '%日常办公%'
AND 价格 <= 5000
AND 价格 >= 4500;
```

这个查询假定“日常办公”可以是场景列中的一部分字符串，并且考虑到价格可能略有浮动，所以在 4500 到 5000 之间的产品都会被检索。如果你有更具体的属性要求，比如品牌、CPU 品牌、内存大小等，可以进一步细化查询条件。",
33,thinkpad的配置如何,"为了查询ThinkPad品牌的产品配置，我们需要执行一个SQL查询，选择所有与ThinkPad相关的配置字段。假设'ThinkPad'是产品名（产品名）的一部分，我们可以使用LIKE操作符来匹配它。请注意，因为我没有确切的表名，我将使用""产品信息表""作为示例表名，这可能需要根据您的数据库实际情况进行调整。

下面是查询ThinkPad相关配置的示例SQL语句：

```sql
SELECT
    品牌,
    颜色,
    兼容操作系统,
    cpu品牌,
    cpu个数,
    cpu主频,
    长,
    硬盘容量,
    硬盘类型,
    可折叠性,
    在售状态,
    gpu品牌,
    gpu系列,
    高,
    智能性,
    最大内存容量(T),
    内存品牌,
    内存容量(T),
    内存槽个数,
    内存类型,
    主板品牌,
    主板类型,
    产品编码,
    操作系统,
    预装软件,
    价格,
    产品分类,
    一级子类,
    二级子类,
    产品名,
    ram,
    rom,
    场景,
    分辨率,
    屏幕尺寸,
    屏幕类型,
    系列,
    提供的远程服务,
    尺寸,
    声卡类型,
    库存,
    目标用户,
    上市时间,
    链接,
    视频卡类型,
    宽
FROM
    产品信息表
WHERE
    产品名 LIKE '%ThinkPad%';
```

这个查询将选择所有字段，并从""产品信息表""中检索那些产品名中包含""ThinkPad""的记录。如果您需要根据其他特定的条件筛选产品，可以在WHERE子句中添加额外的条件。","为了回答这个问题，我们需要从数据库中检索与品牌""ThinkPad""相关的产品的配置信息。这涉及到执行一个SQL查询，从""产品信息表""中选择与品牌""ThinkPad""相关的所有列。由于没有具体指定配置的详细程度，我们可以假设需要获取所有相关配置信息。

这里提供了一个示例SQL查询，用于检索品牌为""ThinkPad""的所有产品配置：

```sql
SELECT *
FROM 产品信息表
WHERE 品牌 = 'ThinkPad';
```

如果""ThinkPad""属于产品名或系列，那么查询可能需要针对这些字段进行调整：

```sql
SELECT *
FROM 产品信息表
WHERE 产品名 LIKE '%ThinkPad%'
   OR 系列 LIKE '%ThinkPad%';
```

由于具体数据库表和字段名称可能是中文或英文，你可能需要将上述查询中的中文字段名称替换为数据库实际使用的字段名称。",
34,送孩子的礼物，男孩子，今年高考,"为了给即将参加高考的男孩子选择合适的礼物，我们可能需要考虑礼物的实用性、娱乐性或者学习辅助功能。由于没有提供具体的产品类别，我会给出几个基于不同假设情景的SQL查询语句，这些查询语句旨在找到可能适合高考学生的礼物。

如果你想要查找一些能够帮助学习的电子产品，比如平板电脑或笔记本电脑，你可以使用以下SQL查询：

```sql
SELECT 产品名, 品牌, 价格, 颜色, 兼容操作系统, cpu品牌, 长, 高, 宽, 屏幕尺寸, 分辨率, 链接
FROM 产品信息表
WHERE 产品分类 = '电子产品' AND (一级子类 = '平板电脑' OR 一级子类 = '笔记本电脑')
      AND 在售状态 = '在售' AND 目标用户 LIKE '%学生%'
ORDER BY 价格;
```

如果你想要查找一些娱乐性产品，例如游戏机或者游戏相关的电子产品，查询可能如下：

```sql
SELECT 产品名, 品牌, 价格, 颜色, 兼容操作系统, gpu品牌, gpu系列, 屏幕尺寸, 分辨率, 链接
FROM 产品信息表
WHERE 产品分类 = '娱乐' AND 一级子类 = '游戏相关' AND 在售状态 = '在售'
      AND 目标用户 LIKE '%青少年%' AND 上市时间 >= DATE_SUB(NOW(), INTERVAL 1 YEAR)
ORDER BY 价格;
```

如果你想要查找一些可能适合考前放松使用的礼物，比如音乐播放器，查询可能如下：

```sql
SELECT 产品名, 品牌, 价格, 颜色, 音质特点, 长, 高, 宽, 链接
FROM 产品信息表
WHERE 产品分类 = '音频设备' AND 一级子类 = '音乐播放器' AND 在售状态 = '在售'
      AND 目标用户 LIKE '%青少年%' AND 上市时间 >= DATE_SUB(NOW(), INTERVAL 1 YEAR)
ORDER BY 价格;
```

请注意，这些查询假设了相应的列（例如 `音质特点`）存在于产品信息表中，但由于未提供这样的列，你可能需要根据实际数据库结构进行调整。同时，这些查询包括了一些可能适用的过滤条件，如在售状态、目标用户、一级子类、上市时间等，以及按价格排序以找到不同价格区间的选项。

你可以根据实际数据库的结构和可用数据调整这些查询，以找到最合适的礼物选项。","根据您的描述，您可能想要选择一个适合即将参加高考的男孩子的礼物。虽然没有直接的数据库查询可以帮助您选择一个具体的礼物，但是我可以根据产品信息表为您生成一个SQL查询，这个查询将选择可能适合一个高考学生的产品分类，并按价格排序，以便您可以考虑符合您预算的选项。例如，如果我们假设可能适合高考学生的产品分类是""学习助手""，那么SQL查询可以是：

```sql
SELECT 产品名, 品牌, 价格, 颜色, cpu品牌, cpu个数, cpu主频, 内存容量(T), 操作系统, 屏幕尺寸, 分辨率, 在售状态, 上市时间
FROM 产品信息表
WHERE 产品分类 = '学习助手' AND 目标用户 = '学生' AND 在售状态 = '在售'
ORDER BY 价格 ASC;
```

但请注意，数据库表中没有直接表示“送孩子的礼物”或者适合“高考学生”的字段，因此我假设了“产品分类”中可能有适合学生的分类如""学习助手""，您可以根据实际情况调整这个分类。另外，“目标用户”字段假定有'学生'这一选项，用于确定产品是否适合学生。

根据实际的数据库结构和可用的数据，您可能需要调整这个查询以适应实际情况。如果有其他特定的属性或产品类型是您认为更适合的，可以进一步细化这个查询条件。",
35,thinkpad有GPU吗,"为了回答这个问题，我们需要查询产品信息表（假设它被命名为 `产品信息表`）来检查品牌为 ""ThinkPad"" 的产品是否具有 GPU。我们将检查 `gpu品牌` 列，以确认是否有GPU品牌被列出。以下是SQL查询，用于查找所有ThinkPad品牌的产品，并展示它们的GPU品牌：

```sql
SELECT 产品编码, 产品名, gpu品牌
FROM 产品信息表
WHERE 品牌 = 'ThinkPad' AND gpu品牌 IS NOT NULL;
```

这个查询将列出所有ThinkPad产品的产品编码、产品名，以及它们的 GPU 品牌，假设有的话。如果 `gpu品牌` 字段非空，那么可以推断这些ThinkPad产品包含GPU。如果结果为空或者 `gpu品牌` 字段为NULL，那么代表这些产品可能没有GPU。","要回答这个问题，我们需要查询 `产品信息表` 中 `品牌` 为 'thinkpad' 的产品，并检查 `gpu品牌` 列是否有值。以下是一个示例 SQL 查询，用于检查是否存在带有 GPU 的 ThinkPad 产品：

```sql
SELECT COUNT(*) AS ThinkPadWithGPUCount
FROM 产品信息表
WHERE 品牌 = 'thinkpad' AND gpu品牌 IS NOT NULL;
```

这个查询将返回 `品牌` 为 'thinkpad' 并且具有有效 GPU 品牌信息的产品数量。如果 `ThinkPadWithGPUCount` 大于零，则意味着存在带有 GPU 的 ThinkPad 产品。如果 `ThinkPadWithGPUCount` 为零，则意味着没有记录表明 ThinkPad 产品中有 GPU。",
36,推荐一款游戏本,"为了推荐游戏本，我们需要选择具有高性能CPU和GPU、较大的内存和存储空间、较好的屏幕分辨率和尺寸等特点的产品。因此，我们可以编写SQL查询来查找符合这些标准的产品。

```sql
SELECT 产品编码, 产品名, 品牌, cpu品牌, cpu个数, gpu品牌, gpu系列, 内存容量(T), 硬盘容量, 屏幕尺寸, 分辨率, 价格, 在售状态
FROM 产品信息表
WHERE 产品分类 = '游戏本' AND 在售状态 = '在售' 
ORDER BY gpu系列 DESC, cpu个数 DESC, 内存容量(T) DESC, 硬盘容量 DESC, 分辨率 DESC, 屏幕尺寸 DESC
LIMIT 1;
```

这个查询会返回当前在售的、性能最优的游戏本产品。它按照GPU系列、CPU核心数量、内存容量、硬盘容量、屏幕分辨率和屏幕尺寸降序排序，并只返回最顶端的一条记录作为推荐。","要推荐一款游戏本，我们可能需要一些具体的信息来决定哪些特征对于游戏本来说是重要的。一般来说，游戏本需要强大的CPU和GPU、足够的RAM和高速的硬盘（通常是SSD），以及较大的屏幕尺寸和高分辨率以提供良好的游戏体验。因此，我们可以根据产品信息表中的列来筛选出符合这些特征的产品。我们可以查找具有高性能GPU品牌和系列、较多的CPU个数、高主频的CPU、较大的RAM和SSD硬盘，以及适用于游戏场景的产品。这里是一个SQL查询示例：

```sql
SELECT 产品名, 品牌, cpu品牌, cpu个数, cpu主频, gpu品牌, gpu系列, ram, 硬盘类型, 硬盘容量, 屏幕尺寸, 分辨率, 价格, 场景, 在售状态, 链接
FROM 产品信息表
WHERE gpu品牌 IS NOT NULL 
  AND cpu个数 >= 4 
  AND 硬盘类型 = 'SSD' 
  AND ram >= 8 
  AND 场景 LIKE '%游戏%'
  AND 在售状态 = '在售'
ORDER BY 价格 DESC; -- 假设价格越高性能越好，你可以根据需要调整排序方式
```

这个查询将返回当前在售且适合游戏的所有产品，按价格降序排列。这是基于一般的游戏本需求，你可以根据具体需求进一步细化筛选条件。由于我不知道具体的数据内容和格式，可能需要根据实际的表结构和数据情况进行调整。",
